{"cameraMode":{"drawMode":0,"name":"Shaded","section":"Shading Mode"},"sceneLighting":true,"audioPlay":false,"sceneViewState":{"showFog":false,"showMaterialUpdate":false,"showSkybox":false,"showFlares":false,"showImageEffects":false,"showParticleSystems":true},"in2DMode":false,"pivot":{"x":-31.561002731323243,"y":-14.29290771484375,"z":70.67064666748047},"rotation":{"x":-0.10950835794210434,"y":0.21878930926322938,"z":-0.02471812814474106,"w":-0.9692927002906799},"size":83.59465026855469,"orthographic":false}