{"cameraMode":{"drawMode":0,"name":"Shaded","section":"Shading Mode"},"sceneLighting":false,"audioPlay":false,"sceneViewState":{"showFog":false,"showMaterialUpdate":false,"showSkybox":false,"showFlares":false,"showImageEffects":false,"showParticleSystems":true},"in2DMode":false,"pivot":{"x":-28.163936614990236,"y":15.629125595092774,"z":22.27035140991211},"rotation":{"x":-0.0077957818284630779,"y":0.49989503622055056,"z":-0.004499534144997597,"w":-0.8660392165184021},"size":51.074073791503909,"orthographic":false}