{"cameraMode":{"drawMode":0,"name":"Shaded","section":"Shading Mode"},"sceneLighting":true,"audioPlay":false,"sceneViewState":{"showFog":false,"showMaterialUpdate":false,"showSkybox":false,"showFlares":false,"showImageEffects":false,"showParticleSystems":true},"in2DMode":false,"pivot":{"x":735.1680297851563,"y":578.0699462890625,"z":-54.68678665161133},"rotation":{"x":-0.10313983261585236,"y":0.0581543929874897,"z":-0.006040321197360754,"w":-0.9929470419883728},"size":82.47296142578125,"orthographic":false}