{"cameraMode":{"drawMode":0,"name":"Shaded","section":"Shading Mode"},"sceneLighting":true,"audioPlay":false,"sceneViewState":{"showFog":false,"showMaterialUpdate":false,"showSkybox":false,"showFlares":false,"showImageEffects":false,"showParticleSystems":true},"in2DMode":false,"pivot":{"x":1.1886364221572877,"y":2.6000592708587648,"z":8.55765151977539},"rotation":{"x":0.007495706435292959,"y":0.027000363916158677,"z":0.00020279298769310117,"w":-0.9996073246002197},"size":22.943445205688478,"orthographic":false}