{"cameraMode":{"drawMode":0,"name":"Shaded","section":"Shading Mode"},"sceneLighting":true,"audioPlay":false,"sceneViewState":{"showFog":false,"showMaterialUpdate":false,"showSkybox":false,"showFlares":false,"showImageEffects":false,"showParticleSystems":true},"in2DMode":false,"pivot":{"x":951.3417358398438,"y":452.0166015625,"z":-61.602935791015628},"rotation":{"x":-0.1948392540216446,"y":0.13487498462200166,"z":-0.02705969847738743,"w":-0.9711407423019409},"size":354.7295837402344,"orthographic":false}