{"cameraMode":{"drawMode":0,"name":"Shaded","section":"Shading Mode"},"sceneLighting":true,"audioPlay":false,"sceneViewState":{"showFog":false,"showMaterialUpdate":false,"showSkybox":false,"showFlares":false,"showImageEffects":false,"showParticleSystems":true},"in2DMode":false,"pivot":{"x":781.3147583007813,"y":769.0899047851563,"z":257.54022216796877},"rotation":{"x":-0.047981299459934238,"y":-0.0014982229331508279,"z":-0.00007193986675702035,"w":0.9988471269607544},"size":548.2544555664063,"orthographic":false}