{"cameraMode":{"drawMode":0,"name":"Shaded","section":"Shading Mode"},"sceneLighting":false,"audioPlay":false,"sceneViewState":{"showFog":false,"showMaterialUpdate":false,"showSkybox":false,"showFlares":false,"showImageEffects":false,"showParticleSystems":true},"in2DMode":false,"pivot":{"x":-0.47339749336242678,"y":0.5475479960441589,"z":-0.0028350353240966799},"rotation":{"x":-0.18833540380001069,"y":-0.5307582020759583,"z":0.122316874563694,"w":-0.8172295689582825},"size":2.1434128284454347,"orthographic":false}