{"cameraMode":{"drawMode":0,"name":"Shaded","section":"Shading Mode"},"sceneLighting":true,"audioPlay":false,"sceneViewState":{"showFog":false,"showMaterialUpdate":false,"showSkybox":false,"showFlares":false,"showImageEffects":false,"showParticleSystems":true},"in2DMode":false,"pivot":{"x":93.84178161621094,"y":28.667285919189454,"z":-19.95611572265625},"rotation":{"x":-0.1762867271900177,"y":-0.2721337676048279,"z":0.050787072628736499,"w":-0.9446094036102295},"size":167.3688507080078,"orthographic":false}