{"cameraMode":{"drawMode":0,"name":"Shaded","section":"Shading Mode"},"sceneLighting":true,"audioPlay":false,"sceneViewState":{"showFog":false,"showMaterialUpdate":false,"showSkybox":false,"showFlares":false,"showImageEffects":false,"showParticleSystems":true},"in2DMode":false,"pivot":{"x":65.6933364868164,"y":93.77613067626953,"z":-67.15594482421875},"rotation":{"x":0.08007348328828812,"y":-0.14303243160247804,"z":-0.011610850691795349,"w":-0.9864051938056946},"size":83.59465026855469,"orthographic":false}