{"cameraMode":{"drawMode":0,"name":"Shaded","section":"Shading Mode"},"sceneLighting":false,"audioPlay":false,"sceneViewState":{"showFog":false,"showMaterialUpdate":false,"showSkybox":false,"showFlares":false,"showImageEffects":false,"showParticleSystems":true},"in2DMode":false,"pivot":{"x":-1.5825047492980958,"y":1.4979019165039063,"z":0.05057036876678467},"rotation":{"x":-0.1762867271900177,"y":-0.2721337676048279,"z":0.050787072628736499,"w":-0.9446094036102295},"size":2.5199508666992189,"orthographic":false}