{"cameraMode":{"drawMode":0,"name":"Shaded","section":"Shading Mode"},"sceneLighting":true,"audioPlay":false,"sceneViewState":{"showFog":false,"showMaterialUpdate":false,"showSkybox":false,"showFlares":false,"showImageEffects":false,"showParticleSystems":true},"in2DMode":false,"pivot":{"x":0.502170205116272,"y":2.6688802242279054,"z":8.509065628051758},"rotation":{"x":0.008990448899567128,"y":0.04199035093188286,"z":0.0003781875129789114,"w":-0.9990774989128113},"size":22.943445205688478,"orthographic":false}