{"cameraMode":{"drawMode":0,"name":"Shaded","section":"Shading Mode"},"sceneLighting":false,"audioPlay":false,"sceneViewState":{"showFog":false,"showMaterialUpdate":false,"showSkybox":false,"showFlares":false,"showImageEffects":false,"showParticleSystems":true},"in2DMode":false,"pivot":{"x":-14.333044052124024,"y":6.783849716186523,"z":46.06034851074219},"rotation":{"x":-0.08145853132009506,"y":0.34674379229545596,"z":-0.03024318628013134,"w":-0.9339264631271362},"size":51.074073791503909,"orthographic":false}