{"cameraMode":{"drawMode":0,"name":"Shaded","section":"Shading Mode"},"sceneLighting":true,"audioPlay":false,"sceneViewState":{"showFog":false,"showMaterialUpdate":false,"showSkybox":false,"showFlares":false,"showImageEffects":false,"showParticleSystems":true},"in2DMode":false,"pivot":{"x":278.144775390625,"y":-271.3762512207031,"z":373.07891845703127},"rotation":{"x":0.25186026096343996,"y":0.30283787846565249,"z":-0.08332410454750061,"w":0.9153757691383362},"size":548.2544555664063,"orthographic":false}