{"cameraMode":{"drawMode":0,"name":"Shaded","section":"Shading Mode"},"sceneLighting":true,"audioPlay":false,"sceneViewState":{"showFog":false,"showMaterialUpdate":false,"showSkybox":false,"showFlares":false,"showImageEffects":false,"showParticleSystems":true},"in2DMode":false,"pivot":{"x":30.152353286743165,"y":-15.214187622070313,"z":12.887452125549317},"rotation":{"x":-0.1883353888988495,"y":-0.5307581424713135,"z":0.1223168671131134,"w":-0.8172295093536377},"size":40.010372161865237,"orthographic":false}