{"cameraMode":{"drawMode":0,"name":"Shaded","section":"Shading Mode"},"sceneLighting":false,"audioPlay":false,"sceneViewState":{"showFog":false,"showMaterialUpdate":false,"showSkybox":false,"showFlares":false,"showImageEffects":false,"showParticleSystems":true},"in2DMode":false,"pivot":{"x":4.10716438293457,"y":13.176998138427735,"z":2.8571014404296877},"rotation":{"x":-0.07633306086063385,"y":0.04933571442961693,"z":-0.0037813070230185987,"w":-0.9958539009094238},"size":248.05612182617188,"orthographic":false}