{"cameraMode":{"drawMode":0,"name":"Shaded","section":"Shading Mode"},"sceneLighting":false,"audioPlay":false,"sceneViewState":{"showFog":false,"showMaterialUpdate":false,"showSkybox":false,"showFlares":false,"showImageEffects":false,"showParticleSystems":true},"in2DMode":false,"pivot":{"x":-24.74155044555664,"y":5.990669250488281,"z":172.12355041503907},"rotation":{"x":-0.04484425485134125,"y":0.07933666557073593,"z":-0.0035723629407584669,"w":-0.9958323240280151},"size":226.8086395263672,"orthographic":false}