{"cameraMode":{"drawMode":0,"name":"Shaded","section":"Shading Mode"},"sceneLighting":false,"audioPlay":false,"sceneViewState":{"showFog":false,"showMaterialUpdate":false,"showSkybox":false,"showFlares":false,"showImageEffects":false,"showParticleSystems":true},"in2DMode":false,"pivot":{"x":4.713678359985352,"y":8.595022201538086,"z":-6.728830337524414},"rotation":{"x":-0.06226573884487152,"y":0.32899630069732668,"z":-0.02174554392695427,"w":-0.9420252442359924},"size":11.032898902893067,"orthographic":false}