{"cameraMode":{"drawMode":0,"name":"Shaded","section":"Shading Mode"},"sceneLighting":false,"audioPlay":false,"sceneViewState":{"showFog":false,"showMaterialUpdate":false,"showSkybox":false,"showFlares":false,"showImageEffects":false,"showParticleSystems":true},"in2DMode":false,"pivot":{"x":-1.2141296863555909,"y":2.351957321166992,"z":0.25989770889282229},"rotation":{"x":-0.12259513139724732,"y":-0.33251646161079409,"z":0.043642330914735797,"w":-0.9340763688087463},"size":6.22861385345459,"orthographic":false}