{"cameraMode":{"drawMode":0,"name":"Shaded","section":"Shading Mode"},"sceneLighting":false,"audioPlay":false,"sceneViewState":{"showFog":false,"showMaterialUpdate":false,"showSkybox":false,"showFlares":false,"showImageEffects":false,"showParticleSystems":true},"in2DMode":false,"pivot":{"x":0.05966764688491821,"y":-5.464135646820068,"z":4.5810546875},"rotation":{"x":0.008990448899567128,"y":0.04199035093188286,"z":0.0003781875129789114,"w":-0.9990774989128113},"size":495.0130310058594,"orthographic":false}