{"cameraMode":{"drawMode":0,"name":"Shaded","section":"Shading Mode"},"sceneLighting":true,"audioPlay":false,"sceneViewState":{"showFog":false,"showMaterialUpdate":false,"showSkybox":false,"showFlares":false,"showImageEffects":false,"showParticleSystems":true},"in2DMode":false,"pivot":{"x":-318.1134948730469,"y":-198.65814208984376,"z":396.9562072753906},"rotation":{"x":0.18244729936122895,"y":-0.3304018974304199,"z":0.0652577355504036,"w":0.9237364530563355},"size":548.2544555664063,"orthographic":false}