{"cameraMode":{"drawMode":0,"name":"Shaded","section":"Shading Mode"},"sceneLighting":false,"audioPlay":false,"sceneViewState":{"showFog":false,"showMaterialUpdate":false,"showSkybox":false,"showFlares":false,"showImageEffects":false,"showParticleSystems":true},"in2DMode":false,"pivot":{"x":-14.273307800292969,"y":11.805360794067383,"z":37.548362731933597},"rotation":{"x":-0.044132113456726077,"y":0.31375330686569216,"z":-0.01460016518831253,"w":-0.9483659863471985},"size":51.074073791503909,"orthographic":false}