{"cameraMode":{"drawMode":0,"name":"Shaded","section":"Shading Mode"},"sceneLighting":false,"audioPlay":false,"sceneViewState":{"showFog":false,"showMaterialUpdate":false,"showSkybox":false,"showFlares":false,"showImageEffects":false,"showParticleSystems":true},"in2DMode":false,"pivot":{"x":-1.5407518148422242,"y":0.4662357568740845,"z":-0.005252361297607422},"rotation":{"x":-0.1762867271900177,"y":-0.2721337676048279,"z":0.050787072628736499,"w":-0.9446094036102295},"size":2.1682112216949465,"orthographic":false}