{"cameraMode":{"drawMode":0,"name":"Shaded","section":"Shading Mode"},"sceneLighting":false,"audioPlay":false,"sceneViewState":{"showFog":false,"showMaterialUpdate":false,"showSkybox":false,"showFlares":false,"showImageEffects":false,"showParticleSystems":true},"in2DMode":false,"pivot":{"x":-6.026659965515137,"y":8.156325340270996,"z":39.37437057495117},"rotation":{"x":-0.05815528333187103,"y":0.1031394749879837,"z":-0.006040383595973253,"w":-0.992946982383728},"size":109.14918518066406,"orthographic":false}