{"cameraMode":{"drawMode":0,"name":"Shaded","section":"Shading Mode"},"sceneLighting":true,"audioPlay":false,"sceneViewState":{"showFog":false,"showMaterialUpdate":false,"showSkybox":false,"showFlares":false,"showImageEffects":false,"showParticleSystems":true},"in2DMode":false,"pivot":{"x":-39.72283172607422,"y":-51.840328216552737,"z":40.50580596923828},"rotation":{"x":-0.33593928813934328,"y":0.37792831659317019,"z":-0.1494186669588089,"w":-0.8496993780136108},"size":83.59465026855469,"orthographic":false}