{"cameraMode":{"drawMode":0,"name":"Shaded","section":"Shading Mode"},"sceneLighting":false,"audioPlay":false,"sceneViewState":{"showFog":false,"showMaterialUpdate":false,"showSkybox":false,"showFlares":false,"showImageEffects":false,"showParticleSystems":true},"in2DMode":false,"pivot":{"x":0.4941134452819824,"y":2.3632593154907228,"z":17.239126205444337},"rotation":{"x":-0.02824391983449459,"y":0.13305050134658814,"z":-0.003792812814936042,"w":-0.9906995296478272},"size":22.031816482543947,"orthographic":false}