{"cameraMode":{"drawMode":0,"name":"Shaded","section":"Shading Mode"},"sceneLighting":false,"audioPlay":false,"sceneViewState":{"showFog":false,"showMaterialUpdate":false,"showSkybox":false,"showFlares":false,"showImageEffects":false,"showParticleSystems":true},"in2DMode":false,"pivot":{"x":-0.8467239737510681,"y":1.5428714752197266,"z":0.8414581418037415},"rotation":{"x":-0.20080308616161347,"y":-0.4472312033176422,"z":0.10377490520477295,"w":-0.8653861284255981},"size":6.851475238800049,"orthographic":false}