{"cameraMode":{"drawMode":0,"name":"Shaded","section":"Shading Mode"},"sceneLighting":true,"audioPlay":false,"sceneViewState":{"showFog":false,"showMaterialUpdate":false,"showSkybox":false,"showFlares":false,"showImageEffects":false,"showParticleSystems":true},"in2DMode":false,"pivot":{"x":174.7762451171875,"y":-40.86368942260742,"z":29.0631103515625},"rotation":{"x":-0.07937829196453095,"y":0.031399793922901157,"z":-0.0025012728292495014,"w":-0.9963467717170715},"size":387.56817626953127,"orthographic":false}